{
	"schemaVersion": 1,
	"id": "world-of-the-rising-sun",
	"version": "${version}",
	"name": "World of the Rising Sun",
	"description": "This is an example description! Tell everyone what your mod is about!",
	"authors": [
		"Me!"
	],
	"contact": {
		"homepage": "https://fabricmc.net/",
		"sources": "https://github.com/FabricMC/fabric-example-mod"
	},
	"license": "CC0-1.0",
	"icon": "assets/world-of-the-rising-sun/icon.png",
	"environment": "*",
	"entrypoints": {
		"main": [
			{
				"value": "net.shatterstar9652.wolrs.ExampleMod",
				"adapter": "kotlin"
			}
		],
		"fabric-datagen": [
			{
				"value": "net.shatterstar9652.wolrs.ExampleModDataGenerator",
				"adapter": "kotlin"
			}
		]
	},
	"mixins": [
		"world-of-the-rising-sun.mixins.json"
	],
	"depends": {
		"fabricloader": ">=0.14.21",
		"minecraft": "~1.20.1",
		"java": ">=17",
		"fabric-api": "*",
		"fabric-language-kotlin": ">=1.9.0"
	},
	"suggests": {
		"another-mod": "*"
	}
}